reference_site,sequential_site,protein_site,chains,protein
(NS2B) 0,1,0,A B,NS2B
(NS2B) 1,2,1,A B,NS2B
(NS2B) 2,3,2,A B,NS2B
(NS2B) 3,4,3,A B,NS2B
(NS2B) 4,5,4,A B,NS2B
(NS2B) 5,6,5,A B,NS2B
(NS2B) 6,7,6,A B,NS2B
(NS2B) 7,8,7,A B,NS2B
(NS2B) 8,9,8,A B,NS2B
(NS2B) 9,10,9,A B,NS2B
(NS2B) 10,11,10,A B,NS2B
(NS2B) 11,12,11,A B,NS2B
(NS2B) 12,13,12,A B,NS2B
(NS2B) 13,14,13,A B,NS2B
(NS2B) 14,15,14,A B,NS2B
(NS2B) 15,16,15,A B,NS2B
(NS2B) 16,17,16,A B,NS2B
(NS2B) 17,18,17,A B,NS2B
(NS2B) 18,19,18,A B,NS2B
(NS2B) 19,20,19,A B,NS2B
(NS2B) 20,21,20,A B,NS2B
(NS2B) 21,22,21,A B,NS2B
(NS2B) 22,23,22,A B,NS2B
(NS2B) 23,24,23,A B,NS2B
(NS2B) 24,25,24,A B,NS2B
(NS2B) 25,26,25,A B,NS2B
(NS2B) 26,27,26,A B,NS2B
(NS2B) 27,28,27,A B,NS2B
(NS2B) 28,29,28,A B,NS2B
(NS2B) 29,30,29,A B,NS2B
(NS2B) 30,31,30,A B,NS2B
(NS2B) 31,32,31,A B,NS2B
(NS2B) 32,33,32,A B,NS2B
(NS2B) 33,34,33,A B,NS2B
(NS2B) 34,35,34,A B,NS2B
(NS2B) 35,36,35,A B,NS2B
(NS2B) 36,37,36,A B,NS2B
(NS2B) 37,38,37,A B,NS2B
(NS2B) 38,39,38,A B,NS2B
(NS2B) 39,40,39,A B,NS2B
(NS2B) 40,41,40,A B,NS2B
(NS2B) 41,42,41,A B,NS2B
(NS2B) 42,43,42,A B,NS2B
(NS2B) 43,44,43,A B,NS2B
(NS2B) 44,45,44,A B,NS2B
(NS2B) 45,46,45,A B,NS2B
(NS2B) 46,47,46,A B,NS2B
(NS2B) 47,48,47,A B,NS2B
(NS2B) 48,49,48,A B,NS2B
(NS2B) 49,50,49,A B,NS2B
(NS2B) 50,51,50,A B,NS2B
(NS2B) 51,52,51,A B,NS2B
(NS2B) 52,53,52,A B,NS2B
(NS2B) 53,54,53,A B,NS2B
(NS2B) 54,55,54,A B,NS2B
(NS2B) 55,56,55,A B,NS2B
(NS2B) 56,57,56,A B,NS2B
(NS2B) 57,58,57,A B,NS2B
(NS2B) 58,59,58,A B,NS2B
(NS2B) 59,60,59,A B,NS2B
(NS2B) 60,61,60,A B,NS2B
(NS2B) 61,62,61,A B,NS2B
(NS2B) 62,63,62,A B,NS2B
(NS2B) 63,64,63,A B,NS2B
(NS2B) 64,65,64,A B,NS2B
(NS2B) 65,66,65,A B,NS2B
(NS2B) 66,67,66,A B,NS2B
(NS2B) 67,68,67,A B,NS2B
(NS2B) 68,69,68,A B,NS2B
(NS2B) 69,70,69,A B,NS2B
(NS2B) 70,71,70,A B,NS2B
(NS2B) 71,72,71,A B,NS2B
(NS2B) 72,73,72,A B,NS2B
(NS2B) 73,74,73,A B,NS2B
(NS2B) 74,75,74,A B,NS2B
(NS2B) 75,76,75,A B,NS2B
(NS2B) 76,77,76,A B,NS2B
(NS2B) 77,78,77,A B,NS2B
(NS2B) 78,79,78,A B,NS2B
(NS2B) 79,80,79,A B,NS2B
(NS2B) 80,81,80,A B,NS2B
(NS2B) 81,82,81,A B,NS2B
(NS2B) 82,83,82,A B,NS2B
(NS2B) 83,84,83,A B,NS2B
(NS2B) 84,85,84,A B,NS2B
(NS2B) 85,86,85,A B,NS2B
(NS2B) 86,87,86,A B,NS2B
(NS2B) 87,88,87,A B,NS2B
(NS2B) 88,89,88,A B,NS2B
(NS2B) 89,90,89,A B,NS2B
(NS2B) 90,91,90,A B,NS2B
(NS2B) 91,92,91,A B,NS2B
(NS2B) 92,93,92,A B,NS2B
(NS2B) 93,94,93,A B,NS2B
(NS2B) 94,95,94,A B,NS2B
(NS2B) 95,96,95,A B,NS2B
(NS2B) 96,97,96,A B,NS2B
(NS2B) 97,98,97,A B,NS2B
(NS2B) 98,99,98,A B,NS2B
(NS2B) 99,100,99,A B,NS2B
(NS2B) 100,101,100,A B,NS2B
(NS2B) 101,102,101,A B,NS2B
(NS2B) 102,103,102,A B,NS2B
(NS2B) 103,104,103,A B,NS2B
(NS2B) 104,105,104,A B,NS2B
(NS2B) 105,106,105,A B,NS2B
(NS2B) 106,107,106,A B,NS2B
(NS2B) 107,108,107,A B,NS2B
(NS2B) 108,109,108,A B,NS2B
(NS2B) 109,110,109,A B,NS2B
(NS2B) 110,111,110,A B,NS2B
(NS2B) 111,112,111,A B,NS2B
(NS2B) 112,113,112,A B,NS2B
(NS2B) 113,114,113,A B,NS2B
(NS2B) 114,115,114,A B,NS2B
(NS2B) 115,116,115,A B,NS2B
(NS2B) 116,117,116,A B,NS2B
(NS2B) 117,118,117,A B,NS2B
(NS2B) 118,119,118,A B,NS2B
(NS2B) 119,120,119,A B,NS2B
(NS2B) 120,121,120,A B,NS2B
(NS2B) 121,122,121,A B,NS2B
(NS2B) 122,123,122,A B,NS2B
(NS2B) 123,124,123,A B,NS2B
(NS2B) 124,125,124,A B,NS2B
(NS2B) 125,126,125,A B,NS2B
(NS2B) 126,127,126,A B,NS2B
(NS2B) 127,128,127,A B,NS2B
(NS2B) 128,129,128,A B,NS2B
(NS2B) 129,130,129,A B,NS2B
(NS2B) 130,131,130,A B,NS2B
(NS3) 1,132,1001,A B,NS3
(NS3) 2,133,1002,A B,NS3
(NS3) 3,134,1003,A B,NS3
(NS3) 4,135,1004,A B,NS3
(NS3) 5,136,1005,A B,NS3
(NS3) 6,137,1006,A B,NS3
(NS3) 7,138,1007,A B,NS3
(NS3) 8,139,1008,A B,NS3
(NS3) 9,140,1009,A B,NS3
(NS3) 10,141,1010,A B,NS3
(NS3) 11,142,1011,A B,NS3
(NS3) 12,143,1012,A B,NS3
(NS3) 13,144,1013,A B,NS3
(NS3) 14,145,1014,A B,NS3
(NS3) 15,146,1015,A B,NS3
(NS3) 16,147,1016,A B,NS3
(NS3) 17,148,1017,A B,NS3
(NS3) 18,149,1018,A B,NS3
(NS3) 19,150,1019,A B,NS3
(NS3) 20,151,1020,A B,NS3
(NS3) 21,152,1021,A B,NS3
(NS3) 22,153,1022,A B,NS3
(NS3) 23,154,1023,A B,NS3
(NS3) 24,155,1024,A B,NS3
(NS3) 25,156,1025,A B,NS3
(NS3) 26,157,1026,A B,NS3
(NS3) 27,158,1027,A B,NS3
(NS3) 28,159,1028,A B,NS3
(NS3) 29,160,1029,A B,NS3
(NS3) 30,161,1030,A B,NS3
(NS3) 31,162,1031,A B,NS3
(NS3) 32,163,1032,A B,NS3
(NS3) 33,164,1033,A B,NS3
(NS3) 34,165,1034,A B,NS3
(NS3) 35,166,1035,A B,NS3
(NS3) 36,167,1036,A B,NS3
(NS3) 37,168,1037,A B,NS3
(NS3) 38,169,1038,A B,NS3
(NS3) 39,170,1039,A B,NS3
(NS3) 40,171,1040,A B,NS3
(NS3) 41,172,1041,A B,NS3
(NS3) 42,173,1042,A B,NS3
(NS3) 43,174,1043,A B,NS3
(NS3) 44,175,1044,A B,NS3
(NS3) 45,176,1045,A B,NS3
(NS3) 46,177,1046,A B,NS3
(NS3) 47,178,1047,A B,NS3
(NS3) 48,179,1048,A B,NS3
(NS3) 49,180,1049,A B,NS3
(NS3) 50,181,1050,A B,NS3
(NS3) 51,182,1051,A B,NS3
(NS3) 52,183,1052,A B,NS3
(NS3) 53,184,1053,A B,NS3
(NS3) 54,185,1054,A B,NS3
(NS3) 55,186,1055,A B,NS3
(NS3) 56,187,1056,A B,NS3
(NS3) 57,188,1057,A B,NS3
(NS3) 58,189,1058,A B,NS3
(NS3) 59,190,1059,A B,NS3
(NS3) 60,191,1060,A B,NS3
(NS3) 61,192,1061,A B,NS3
(NS3) 62,193,1062,A B,NS3
(NS3) 63,194,1063,A B,NS3
(NS3) 64,195,1064,A B,NS3
(NS3) 65,196,1065,A B,NS3
(NS3) 66,197,1066,A B,NS3
(NS3) 67,198,1067,A B,NS3
(NS3) 68,199,1068,A B,NS3
(NS3) 69,200,1069,A B,NS3
(NS3) 70,201,1070,A B,NS3
(NS3) 71,202,1071,A B,NS3
(NS3) 72,203,1072,A B,NS3
(NS3) 73,204,1073,A B,NS3
(NS3) 74,205,1074,A B,NS3
(NS3) 75,206,1075,A B,NS3
(NS3) 76,207,1076,A B,NS3
(NS3) 77,208,1077,A B,NS3
(NS3) 78,209,1078,A B,NS3
(NS3) 79,210,1079,A B,NS3
(NS3) 80,211,1080,A B,NS3
(NS3) 81,212,1081,A B,NS3
(NS3) 82,213,1082,A B,NS3
(NS3) 83,214,1083,A B,NS3
(NS3) 84,215,1084,A B,NS3
(NS3) 85,216,1085,A B,NS3
(NS3) 86,217,1086,A B,NS3
(NS3) 87,218,1087,A B,NS3
(NS3) 88,219,1088,A B,NS3
(NS3) 89,220,1089,A B,NS3
(NS3) 90,221,1090,A B,NS3
(NS3) 91,222,1091,A B,NS3
(NS3) 92,223,1092,A B,NS3
(NS3) 93,224,1093,A B,NS3
(NS3) 94,225,1094,A B,NS3
(NS3) 95,226,1095,A B,NS3
(NS3) 96,227,1096,A B,NS3
(NS3) 97,228,1097,A B,NS3
(NS3) 98,229,1098,A B,NS3
(NS3) 99,230,1099,A B,NS3
(NS3) 100,231,1100,A B,NS3
(NS3) 101,232,1101,A B,NS3
(NS3) 102,233,1102,A B,NS3
(NS3) 103,234,1103,A B,NS3
(NS3) 104,235,1104,A B,NS3
(NS3) 105,236,1105,A B,NS3
(NS3) 106,237,1106,A B,NS3
(NS3) 107,238,1107,A B,NS3
(NS3) 108,239,1108,A B,NS3
(NS3) 109,240,1109,A B,NS3
(NS3) 110,241,1110,A B,NS3
(NS3) 111,242,1111,A B,NS3
(NS3) 112,243,1112,A B,NS3
(NS3) 113,244,1113,A B,NS3
(NS3) 114,245,1114,A B,NS3
(NS3) 115,246,1115,A B,NS3
(NS3) 116,247,1116,A B,NS3
(NS3) 117,248,1117,A B,NS3
(NS3) 118,249,1118,A B,NS3
(NS3) 119,250,1119,A B,NS3
(NS3) 120,251,1120,A B,NS3
(NS3) 121,252,1121,A B,NS3
(NS3) 122,253,1122,A B,NS3
(NS3) 123,254,1123,A B,NS3
(NS3) 124,255,1124,A B,NS3
(NS3) 125,256,1125,A B,NS3
(NS3) 126,257,1126,A B,NS3
(NS3) 127,258,1127,A B,NS3
(NS3) 128,259,1128,A B,NS3
(NS3) 129,260,1129,A B,NS3
(NS3) 130,261,1130,A B,NS3
(NS3) 131,262,1131,A B,NS3
(NS3) 132,263,1132,A B,NS3
(NS3) 133,264,1133,A B,NS3
(NS3) 134,265,1134,A B,NS3
(NS3) 135,266,1135,A B,NS3
(NS3) 136,267,1136,A B,NS3
(NS3) 137,268,1137,A B,NS3
(NS3) 138,269,1138,A B,NS3
(NS3) 139,270,1139,A B,NS3
(NS3) 140,271,1140,A B,NS3
(NS3) 141,272,1141,A B,NS3
(NS3) 142,273,1142,A B,NS3
(NS3) 143,274,1143,A B,NS3
(NS3) 144,275,1144,A B,NS3
(NS3) 145,276,1145,A B,NS3
(NS3) 146,277,1146,A B,NS3
(NS3) 147,278,1147,A B,NS3
(NS3) 148,279,1148,A B,NS3
(NS3) 149,280,1149,A B,NS3
(NS3) 150,281,1150,A B,NS3
(NS3) 151,282,1151,A B,NS3
(NS3) 152,283,1152,A B,NS3
(NS3) 153,284,1153,A B,NS3
(NS3) 154,285,1154,A B,NS3
(NS3) 155,286,1155,A B,NS3
(NS3) 156,287,1156,A B,NS3
(NS3) 157,288,1157,A B,NS3
(NS3) 158,289,1158,A B,NS3
(NS3) 159,290,1159,A B,NS3
(NS3) 160,291,1160,A B,NS3
(NS3) 161,292,1161,A B,NS3
(NS3) 162,293,1162,A B,NS3
(NS3) 163,294,1163,A B,NS3
(NS3) 164,295,1164,A B,NS3
(NS3) 165,296,1165,A B,NS3
(NS3) 166,297,1166,A B,NS3
(NS3) 167,298,1167,A B,NS3
(NS3) 168,299,1168,A B,NS3
(NS3) 169,300,1169,A B,NS3
(NS3) 170,301,1170,A B,NS3
(NS3) 171,302,1171,A B,NS3
(NS3) 172,303,1172,A B,NS3
(NS3) 173,304,1173,A B,NS3
(NS3) 174,305,1174,A B,NS3
(NS3) 175,306,1175,A B,NS3
(NS3) 176,307,1176,A B,NS3
(NS3) 177,308,1177,A B,NS3