reference_site,sequential_site,protein_site,protein
(NS2B) 0,1,0,NS2B
(NS2B) 1,2,1,NS2B
(NS2B) 2,3,2,NS2B
(NS2B) 3,4,3,NS2B
(NS2B) 4,5,4,NS2B
(NS2B) 5,6,5,NS2B
(NS2B) 6,7,6,NS2B
(NS2B) 7,8,7,NS2B
(NS2B) 8,9,8,NS2B
(NS2B) 9,10,9,NS2B
(NS2B) 10,11,10,NS2B
(NS2B) 11,12,11,NS2B
(NS2B) 12,13,12,NS2B
(NS2B) 13,14,13,NS2B
(NS2B) 14,15,14,NS2B
(NS2B) 15,16,15,NS2B
(NS2B) 16,17,16,NS2B
(NS2B) 17,18,17,NS2B
(NS2B) 18,19,18,NS2B
(NS2B) 19,20,19,NS2B
(NS2B) 20,21,20,NS2B
(NS2B) 21,22,21,NS2B
(NS2B) 22,23,22,NS2B
(NS2B) 23,24,23,NS2B
(NS2B) 24,25,24,NS2B
(NS2B) 25,26,25,NS2B
(NS2B) 26,27,26,NS2B
(NS2B) 27,28,27,NS2B
(NS2B) 28,29,28,NS2B
(NS2B) 29,30,29,NS2B
(NS2B) 30,31,30,NS2B
(NS2B) 31,32,31,NS2B
(NS2B) 32,33,32,NS2B
(NS2B) 33,34,33,NS2B
(NS2B) 34,35,34,NS2B
(NS2B) 35,36,35,NS2B
(NS2B) 36,37,36,NS2B
(NS2B) 37,38,37,NS2B
(NS2B) 38,39,38,NS2B
(NS2B) 39,40,39,NS2B
(NS2B) 40,41,40,NS2B
(NS2B) 41,42,41,NS2B
(NS2B) 42,43,42,NS2B
(NS2B) 43,44,43,NS2B
(NS2B) 44,45,44,NS2B
(NS2B) 45,46,45,NS2B
(NS2B) 46,47,46,NS2B
(NS2B) 47,48,47,NS2B
(NS2B) 48,49,48,NS2B
(NS2B) 49,50,49,NS2B
(NS2B) 50,51,50,NS2B
(NS2B) 51,52,51,NS2B
(NS2B) 52,53,52,NS2B
(NS2B) 53,54,53,NS2B
(NS2B) 54,55,54,NS2B
(NS2B) 55,56,55,NS2B
(NS2B) 56,57,56,NS2B
(NS2B) 57,58,57,NS2B
(NS2B) 58,59,58,NS2B
(NS2B) 59,60,59,NS2B
(NS2B) 60,61,60,NS2B
(NS2B) 61,62,61,NS2B
(NS2B) 62,63,62,NS2B
(NS2B) 63,64,63,NS2B
(NS2B) 64,65,64,NS2B
(NS2B) 65,66,65,NS2B
(NS2B) 66,67,66,NS2B
(NS2B) 67,68,67,NS2B
(NS2B) 68,69,68,NS2B
(NS2B) 69,70,69,NS2B
(NS2B) 70,71,70,NS2B
(NS2B) 71,72,71,NS2B
(NS2B) 72,73,72,NS2B
(NS2B) 73,74,73,NS2B
(NS2B) 74,75,74,NS2B
(NS2B) 75,76,75,NS2B
(NS2B) 76,77,76,NS2B
(NS2B) 77,78,77,NS2B
(NS2B) 78,79,78,NS2B
(NS2B) 79,80,79,NS2B
(NS2B) 80,81,80,NS2B
(NS2B) 81,82,81,NS2B
(NS2B) 82,83,82,NS2B
(NS2B) 83,84,83,NS2B
(NS2B) 84,85,84,NS2B
(NS2B) 85,86,85,NS2B
(NS2B) 86,87,86,NS2B
(NS2B) 87,88,87,NS2B
(NS2B) 88,89,88,NS2B
(NS2B) 89,90,89,NS2B
(NS2B) 90,91,90,NS2B
(NS2B) 91,92,91,NS2B
(NS2B) 92,93,92,NS2B
(NS2B) 93,94,93,NS2B
(NS2B) 94,95,94,NS2B
(NS2B) 95,96,95,NS2B
(NS2B) 96,97,96,NS2B
(NS2B) 97,98,97,NS2B
(NS2B) 98,99,98,NS2B
(NS2B) 99,100,99,NS2B
(NS2B) 100,101,100,NS2B
(NS2B) 101,102,101,NS2B
(NS2B) 102,103,102,NS2B
(NS2B) 103,104,103,NS2B
(NS2B) 104,105,104,NS2B
(NS2B) 105,106,105,NS2B
(NS2B) 106,107,106,NS2B
(NS2B) 107,108,107,NS2B
(NS2B) 108,109,108,NS2B
(NS2B) 109,110,109,NS2B
(NS2B) 110,111,110,NS2B
(NS2B) 111,112,111,NS2B
(NS2B) 112,113,112,NS2B
(NS2B) 113,114,113,NS2B
(NS2B) 114,115,114,NS2B
(NS2B) 115,116,115,NS2B
(NS2B) 116,117,116,NS2B
(NS2B) 117,118,117,NS2B
(NS2B) 118,119,118,NS2B
(NS2B) 119,120,119,NS2B
(NS2B) 120,121,120,NS2B
(NS2B) 121,122,121,NS2B
(NS2B) 122,123,122,NS2B
(NS2B) 123,124,123,NS2B
(NS2B) 124,125,124,NS2B
(NS2B) 125,126,125,NS2B
(NS2B) 126,127,126,NS2B
(NS2B) 127,128,127,NS2B
(NS2B) 128,129,128,NS2B
(NS2B) 129,130,129,NS2B
(NS2B) 130,131,130,NS2B
(NS3) 1,132,1,NS3
(NS3) 2,133,2,NS3
(NS3) 3,134,3,NS3
(NS3) 4,135,4,NS3
(NS3) 5,136,5,NS3
(NS3) 6,137,6,NS3
(NS3) 7,138,7,NS3
(NS3) 8,139,8,NS3
(NS3) 9,140,9,NS3
(NS3) 10,141,10,NS3
(NS3) 11,142,11,NS3
(NS3) 12,143,12,NS3
(NS3) 13,144,13,NS3
(NS3) 14,145,14,NS3
(NS3) 15,146,15,NS3
(NS3) 16,147,16,NS3
(NS3) 17,148,17,NS3
(NS3) 18,149,18,NS3
(NS3) 19,150,19,NS3
(NS3) 20,151,20,NS3
(NS3) 21,152,21,NS3
(NS3) 22,153,22,NS3
(NS3) 23,154,23,NS3
(NS3) 24,155,24,NS3
(NS3) 25,156,25,NS3
(NS3) 26,157,26,NS3
(NS3) 27,158,27,NS3
(NS3) 28,159,28,NS3
(NS3) 29,160,29,NS3
(NS3) 30,161,30,NS3
(NS3) 31,162,31,NS3
(NS3) 32,163,32,NS3
(NS3) 33,164,33,NS3
(NS3) 34,165,34,NS3
(NS3) 35,166,35,NS3
(NS3) 36,167,36,NS3
(NS3) 37,168,37,NS3
(NS3) 38,169,38,NS3
(NS3) 39,170,39,NS3
(NS3) 40,171,40,NS3
(NS3) 41,172,41,NS3
(NS3) 42,173,42,NS3
(NS3) 43,174,43,NS3
(NS3) 44,175,44,NS3
(NS3) 45,176,45,NS3
(NS3) 46,177,46,NS3
(NS3) 47,178,47,NS3
(NS3) 48,179,48,NS3
(NS3) 49,180,49,NS3
(NS3) 50,181,50,NS3
(NS3) 51,182,51,NS3
(NS3) 52,183,52,NS3
(NS3) 53,184,53,NS3
(NS3) 54,185,54,NS3
(NS3) 55,186,55,NS3
(NS3) 56,187,56,NS3
(NS3) 57,188,57,NS3
(NS3) 58,189,58,NS3
(NS3) 59,190,59,NS3
(NS3) 60,191,60,NS3
(NS3) 61,192,61,NS3
(NS3) 62,193,62,NS3
(NS3) 63,194,63,NS3
(NS3) 64,195,64,NS3
(NS3) 65,196,65,NS3
(NS3) 66,197,66,NS3
(NS3) 67,198,67,NS3
(NS3) 68,199,68,NS3
(NS3) 69,200,69,NS3
(NS3) 70,201,70,NS3
(NS3) 71,202,71,NS3
(NS3) 72,203,72,NS3
(NS3) 73,204,73,NS3
(NS3) 74,205,74,NS3
(NS3) 75,206,75,NS3
(NS3) 76,207,76,NS3
(NS3) 77,208,77,NS3
(NS3) 78,209,78,NS3
(NS3) 79,210,79,NS3
(NS3) 80,211,80,NS3
(NS3) 81,212,81,NS3
(NS3) 82,213,82,NS3
(NS3) 83,214,83,NS3
(NS3) 84,215,84,NS3
(NS3) 85,216,85,NS3
(NS3) 86,217,86,NS3
(NS3) 87,218,87,NS3
(NS3) 88,219,88,NS3
(NS3) 89,220,89,NS3
(NS3) 90,221,90,NS3
(NS3) 91,222,91,NS3
(NS3) 92,223,92,NS3
(NS3) 93,224,93,NS3
(NS3) 94,225,94,NS3
(NS3) 95,226,95,NS3
(NS3) 96,227,96,NS3
(NS3) 97,228,97,NS3
(NS3) 98,229,98,NS3
(NS3) 99,230,99,NS3
(NS3) 100,231,100,NS3
(NS3) 101,232,101,NS3
(NS3) 102,233,102,NS3
(NS3) 103,234,103,NS3
(NS3) 104,235,104,NS3
(NS3) 105,236,105,NS3
(NS3) 106,237,106,NS3
(NS3) 107,238,107,NS3
(NS3) 108,239,108,NS3
(NS3) 109,240,109,NS3
(NS3) 110,241,110,NS3
(NS3) 111,242,111,NS3
(NS3) 112,243,112,NS3
(NS3) 113,244,113,NS3
(NS3) 114,245,114,NS3
(NS3) 115,246,115,NS3
(NS3) 116,247,116,NS3
(NS3) 117,248,117,NS3
(NS3) 118,249,118,NS3
(NS3) 119,250,119,NS3
(NS3) 120,251,120,NS3
(NS3) 121,252,121,NS3
(NS3) 122,253,122,NS3
(NS3) 123,254,123,NS3
(NS3) 124,255,124,NS3
(NS3) 125,256,125,NS3
(NS3) 126,257,126,NS3
(NS3) 127,258,127,NS3
(NS3) 128,259,128,NS3
(NS3) 129,260,129,NS3
(NS3) 130,261,130,NS3
(NS3) 131,262,131,NS3
(NS3) 132,263,132,NS3
(NS3) 133,264,133,NS3
(NS3) 134,265,134,NS3
(NS3) 135,266,135,NS3
(NS3) 136,267,136,NS3
(NS3) 137,268,137,NS3
(NS3) 138,269,138,NS3
(NS3) 139,270,139,NS3
(NS3) 140,271,140,NS3
(NS3) 141,272,141,NS3
(NS3) 142,273,142,NS3
(NS3) 143,274,143,NS3
(NS3) 144,275,144,NS3
(NS3) 145,276,145,NS3
(NS3) 146,277,146,NS3
(NS3) 147,278,147,NS3
(NS3) 148,279,148,NS3
(NS3) 149,280,149,NS3
(NS3) 150,281,150,NS3
(NS3) 151,282,151,NS3
(NS3) 152,283,152,NS3
(NS3) 153,284,153,NS3
(NS3) 154,285,154,NS3
(NS3) 155,286,155,NS3
(NS3) 156,287,156,NS3
(NS3) 157,288,157,NS3
(NS3) 158,289,158,NS3
(NS3) 159,290,159,NS3
(NS3) 160,291,160,NS3
(NS3) 161,292,161,NS3
(NS3) 162,293,162,NS3
(NS3) 163,294,163,NS3
(NS3) 164,295,164,NS3
(NS3) 165,296,165,NS3
(NS3) 166,297,166,NS3
(NS3) 167,298,167,NS3
(NS3) 168,299,168,NS3
(NS3) 169,300,169,NS3
(NS3) 170,301,170,NS3
(NS3) 171,302,171,NS3
(NS3) 172,303,172,NS3
(NS3) 173,304,173,NS3
(NS3) 174,305,174,NS3
(NS3) 175,306,175,NS3
(NS3) 176,307,176,NS3
(NS3) 177,308,177,NS3